{
  "format_version": "1.19.0",
  "minecraft:entity": {
    "description": {
      "identifier": "chase:fire_ball_jutsu",
      "is_spawnable": false,
      "is_summonable": false,
      "is_experimental": false,
      "runtime_identifier": "minecraft:egg"
    },

    "component_groups": {
      "minecraft:exploding": {
        "minecraft:explode": {
          "fuse_length": 0,
          "fuse_lit": true,
          "power": 3,
          "causes_fire": true,
          "fire_affected_by_griefing": true,
          "destroy_affected_by_griefing": true
        }
      },
      "despawning": {
        "minecraft:type_family": {
          "family": [
            "despawer",
            "despawer_despawning"
          ]
        }
      }
    },

    "components": {
      "minecraft:type_family": {
        "family": [
          "laiser"
        ]
      },
      "minecraft:collision_box": {
        "width": 3,
        "height": 3
      },
      "minecraft:projectile": {

        "on_hit": {
          "definition_event": {
            "affect_projectile": true,
            "event_trigger": {
              "event": "minecraft:explode",
              "target": "self"
            }
          },
          "impact_damage": {
            "damage": 13,
            "knockback": true,
            "semirandomdiffdamage": false,
            "destroyonhit": true
          }
        },
        "power": 1.5,
        "gravity": 0,
        "inertia": 1,
        "liquid_inertia": 1,
        "uncertainty_base": 0,
        "uncertainty_multiplier": 0,
        "anchor": 1,
        "offset": [ 0, 0, 0 ],
        "reflect_on_hurt": true,
        "catch_fire": true
      },
      "minecraft:timer": {
        "looping": true,
        "random_time_choices": [
          {
            "weight": 50,
            "value": 4
          }
        ],
        "time_down_event": {
          "event": "minecraft:start_despawn",
          "target": "self"
        }
      },
      "minecraft:physics": {},
      "minecraft:pushable": {
        "is_pushable": true,
        "is_pushable_by_piston": true
      },
      "minecraft:despawn": {
        "filters": {
          "all_of": [
            {
              "any_of": [
                {
                  "test": "is_family",
                  "subject": "self",
                  "value": "despawer_despawning"
                }
              ]
            }
          ]
        }
      }
    },
    "events": {
      "minecraft:explode": {
        "add": {
          "component_groups": [
            "minecraft:exploding"
          ]
        }
      },
      "minecraft:start_despawn": {
        "add": {
          "component_groups": [ "despawning" ]
        }
      },
      "minecraft:light_emission": 15
    }
  }
}
