{

    "format_version": "1.8.0",

    "minecraft:client_entity": {

        "description": {

            "identifier": "chase:white_zestu",

            "min_engine_version": "1.8.0",

            "materials": {

                "default": "zombie"

            },

            "textures": {

                "default": "textures/entities/chase_white_zestu"

            },

            "geometry": {

                "default": "geometry.chase.white_zestu"

            },

            "spawn_egg": {

                "base_color": "#ffffff",

                "overlay_color": "#738700"

            },

            "scripts": {

                "pre_animation": [

                    "variable.tcos0 = (Math.cos(query.modified_distance_moved * 38.17) * query.modified_move_speed / variable.gliding_speed_value) * 57.3;"

                ]
            },
            "animations": {

                "wallk": "animation.chase.white_zestu.walk",

                "run": "animation.chase.white_zestu.run",

                "attack": "animation.chase.white_zestu.attack",
                "look_at_target_default": "animation.humanoid.look_at_target.default",
                "look_at_target_gliding": "animation.humanoid.look_at_target.gliding",
                "look_at_target_swimming": "animation.humanoid.look_at_target.swimming",
                "move":"animation.humanoid.move"



            },

            "animation_controllers": [

                {"look_at_target": "controller.animation.humanoid.look_at_target"},
                {"attack":"controller.animation.chase.white_zestu.attack"},
                {"move": "controller.animation.humanoid.move"}
            ],

            "render_controllers": [
                "controller.render.default"
            ],
            "enable_attachables": true

        }

    }

}