{
    "format_version": "1.19.20",
    "minecraft:block": {
        "description": {
            "identifier": "chase:grass",
            "is_experimental": false,
            "register_to_creative_menu": true
        },
        "components": {
            "minecraft:destructible_by_explosion": {
              "explosion_resistance": 0
            },
            "minecraft:friction": 0.4,
            "minecraft:flammable": {
              "catch_chance_modifier": 5,
              "destroy_chance_modifier": 20
            },
            "minecraft:light_emission": 1
        }
    }
}