{
	"format_version": "1.10.0",
	"particle_effect": {
		"description": {
			"identifier": "chase:teleport_kunai_particle",
			"basic_render_parameters": {
				"material": "particles_alpha",
				"texture": "textures/particle/teleport_kunai_particle"
			}
		},
		"components": {
			"minecraft:emitter_rate_steady": {
				"spawn_rate": "math.random(100,150)",
				"max_particles": "math.random(150,175)"
			},
			"minecraft:emitter_lifetime_looping": {
				"active_time": 0.01,
				"sleep_time": 0.01
			},
			"minecraft:emitter_shape_point": {},
			"minecraft:particle_lifetime_expression": {
				"max_lifetime": 1
			},
			"minecraft:particle_initial_spin": {
				"rotation": 100,
				"rotation_rate": 10
			},
			"minecraft:particle_initial_speed": 7,
			"minecraft:particle_motion_dynamic": {
				"linear_acceleration": [5, 3, 4],
				"linear_drag_coefficient": 3,
				"rotation_acceleration": "math.random(5,8)",
				"rotation_drag_coefficient": 5
			},
			"minecraft:particle_appearance_billboard": {
				"size": [0.01, 0.01],
				"facing_camera_mode": "rotate_xyz",
				"uv": {
					"texture_width": 16,
					"texture_height": 16,
					"uv": [0, 0],
					"uv_size": [1, 1]
				}
			},
			"minecraft:particle_appearance_tinting": {
				"color": [1, 1, 1, 1]
			}
		}
	}
}