{
	"format_version": "1.19.0",
	"minecraft:geometry": [
		{
			"description": {
				"identifier": "geometry.hokage",
				"texture_width": 34,
				"texture_height": 34,
				"visible_bounds_width": 2,
				"visible_bounds_height": 2.5,
				"visible_bounds_offset": [0, 0.75, 0]
			},
			"bones": [
				{
					"name": "block",
					"pivot": [0, 0, -12],
					"cubes": [
						{
							"origin": [-3, 4.5, -7.95],
							"size": [6, 7, 2.2],
							"uv": {
								"north": {"uv": [0, 0], "uv_size": [6, 7]},
								"east": {"uv": [14, 4], "uv_size": [2.25, 7]},
								"south": {"uv": [6, 0], "uv_size": [6, 7]},
								"west": {"uv": [14, 11], "uv_size": [2.25, 7]},
								"up": {"uv": [20, 6], "uv_size": [6, 2.25]},
								"down": {"uv": [20, 11.25], "uv_size": [6, -2.25]}
							}
						},
						{
							"origin": [-3, 4, -7.95],
							"size": [6, 0.5, 2.2],
							"uv": {
								"north": {"uv": [23, 3], "uv_size": [6, 0.5]},
								"east": {"uv": [27, 18], "uv_size": [2.25, 0.5]},
								"south": {"uv": [26, 23], "uv_size": [6, 0.5]},
								"west": {"uv": [23, 27], "uv_size": [2.25, 0.5]},
								"up": {"uv": [20, 12], "uv_size": [6, 2.25]},
								"down": {"uv": [20, 17.25], "uv_size": [6, -2.25]}
							}
						},
						{
							"origin": [-3, 11.5, -7.95],
							"size": [6, 0.5, 2.2],
							"uv": {
								"north": {"uv": [27, 12], "uv_size": [6, 0.5]},
								"east": {"uv": [26, 27], "uv_size": [2.25, 0.5]},
								"south": {"uv": [27, 13], "uv_size": [6, 0.5]},
								"west": {"uv": [0, 28], "uv_size": [2.25, 0.5]},
								"up": {"uv": [20, 18], "uv_size": [6, 2.25]},
								"down": {"uv": [20, 23.25], "uv_size": [6, -2.25]}
							}
						},
						{
							"origin": [-2.5, 3.5, -7.95],
							"size": [5, 0.5, 2.2],
							"uv": {
								"north": {"uv": [27, 14], "uv_size": [5, 0.5]},
								"east": {"uv": [28, 0], "uv_size": [2.25, 0.5]},
								"south": {"uv": [27, 15], "uv_size": [5, 0.5]},
								"west": {"uv": [28, 1], "uv_size": [2.25, 0.5]},
								"up": {"uv": [23, 0], "uv_size": [5, 2.25]},
								"down": {"uv": [20, 26.25], "uv_size": [5, -2.25]}
							}
						},
						{
							"origin": [-2.5, 12, -7.95],
							"size": [5, 0.5, 2.2],
							"uv": {
								"north": {"uv": [27, 16], "uv_size": [5, 0.5]},
								"east": {"uv": [28, 2], "uv_size": [2.25, 0.5]},
								"south": {"uv": [27, 17], "uv_size": [5, 0.5]},
								"west": {"uv": [3, 28], "uv_size": [2.25, 0.5]},
								"up": {"uv": [14, 25], "uv_size": [5, 2.25]},
								"down": {"uv": [25, 26.25], "uv_size": [5, -2.25]}
							}
						},
						{
							"origin": [-3.5, 4.5, -7.95],
							"size": [0.5, 7, 2.2],
							"uv": {
								"north": {"uv": [19, 25], "uv_size": [0.5, 7]},
								"east": {"uv": [17, 4], "uv_size": [2.25, 7]},
								"south": {"uv": [11, 26], "uv_size": [0.5, 7]},
								"west": {"uv": [17, 11], "uv_size": [2.25, 7]},
								"up": {"uv": [6, 28], "uv_size": [0.5, 2.25]},
								"down": {"uv": [28, 8.25], "uv_size": [0.5, -2.25]}
							}
						},
						{
							"origin": [3, 4.5, -7.95],
							"size": [0.5, 7, 2.2],
							"uv": {
								"north": {"uv": [12, 26], "uv_size": [0.5, 7]},
								"east": {"uv": [14, 18], "uv_size": [2.25, 7]},
								"south": {"uv": [26, 12], "uv_size": [0.5, 7]},
								"west": {"uv": [17, 18], "uv_size": [2.25, 7]},
								"up": {"uv": [7, 28], "uv_size": [0.5, 2.25]},
								"down": {"uv": [8, 30.25], "uv_size": [0.5, -2.25]}
							}
						},
						{
							"origin": [3.5, 5, -7.95],
							"size": [0.5, 6, 2.2],
							"uv": {
								"north": {"uv": [13, 26], "uv_size": [0.5, 6]},
								"east": {"uv": [9, 20], "uv_size": [2.25, 6]},
								"south": {"uv": [20, 27], "uv_size": [0.5, 6]},
								"west": {"uv": [0, 22], "uv_size": [2.25, 6]},
								"up": {"uv": [9, 28], "uv_size": [0.5, 2.25]},
								"down": {"uv": [28, 11.25], "uv_size": [0.5, -2.25]}
							}
						},
						{
							"origin": [-4, 5, -7.95],
							"size": [0.5, 6, 2.2],
							"uv": {
								"north": {"uv": [21, 27], "uv_size": [0.5, 6]},
								"east": {"uv": [3, 22], "uv_size": [2.25, 6]},
								"south": {"uv": [22, 27], "uv_size": [0.5, 6]},
								"west": {"uv": [6, 22], "uv_size": [2.25, 6]},
								"up": {"uv": [10, 28], "uv_size": [0.5, 2.25]},
								"down": {"uv": [14, 30.25], "uv_size": [0.5, -2.25]}
							}
						}
					]
				},
				{
					"name": "stand",
					"pivot": [0, 0, -12],
					"cubes": [
						{
							"origin": [-6, 0, -7.5],
							"size": [1.85, 13, 2],
							"uv": {
								"north": {"uv": [8, 7], "uv_size": [1.875, 13]},
								"east": {"uv": [0, 7], "uv_size": [2, 13]},
								"south": {"uv": [10, 7], "uv_size": [1.875, 13]},
								"west": {"uv": [2, 7], "uv_size": [2, 13]},
								"up": {"uv": [26, 6], "uv_size": [1.875, 2]},
								"down": {"uv": [26, 10], "uv_size": [1.875, -2]}
							}
						},
						{
							"origin": [4.15, 0, -7.5],
							"size": [1.85, 13, 2],
							"uv": {
								"north": {"uv": [12, 0], "uv_size": [1.875, 13]},
								"east": {"uv": [4, 7], "uv_size": [2, 13]},
								"south": {"uv": [12, 13], "uv_size": [1.875, 13]},
								"west": {"uv": [6, 7], "uv_size": [2, 13]},
								"up": {"uv": [9, 26], "uv_size": [1.875, 2]},
								"down": {"uv": [26, 12], "uv_size": [1.875, -2]}
							}
						},
						{
							"origin": [-4.15, 11.25, -7.5],
							"size": [8.3, 1.75, 2],
							"uv": {
								"north": {"uv": [0, 20], "uv_size": [8.25, 1.75]},
								"east": {"uv": [26, 19], "uv_size": [2, 1.75]},
								"south": {"uv": [20, 4], "uv_size": [8.25, 1.75]},
								"west": {"uv": [26, 21], "uv_size": [2, 1.75]},
								"up": {"uv": [14, 0], "uv_size": [8.25, 2]},
								"down": {"uv": [14, 4], "uv_size": [8.25, -2]}
							}
						}
					]
				}
			]
		}
	]
}