{
	"format_version": "1.12.0",
	"minecraft:geometry": [
		{
			"description": {
				"identifier": "geometry.teleport_kunai",
				"texture_width": 32,
				"texture_height": 32,
				"visible_bounds_width": 4,
				"visible_bounds_height": 4,
				"visible_bounds_offset": [0, 1, 0]
			},
			"bones": [
				{
					"name": "rightArm",
					"pivot": [-5, 22, 0],
					"cubes": [
						{
							"origin": [-6.4375, 13.28125, -3.125],
							"size": [1, 1, 6.4375],
							"inflate": 0.15625,
							"uv": {
								"north": {"uv": [17, 5], "uv_size": [1, 1]},
								"east": {"uv": [2, 2], "uv_size": [6, 1]},
								"south": {"uv": [8, 17], "uv_size": [1, 1]},
								"west": {"uv": [2, 3], "uv_size": [6, 1]},
								"up": {"uv": [2, 4], "uv_size": [1, 6]},
								"down": {"uv": [3, 10], "uv_size": [1, -6]}
							}
						},
						{
							"origin": [-6.5635, 13.98739, 3.76293],
							"size": [1.2265, 1.2265, 2.8825],
							"inflate": -0.40625,
							"pivot": [-5.95025, 13.77264, 5.20418],
							"rotation": [45, 0, 0],
							"uv": {
								"north": {"uv": [17, 9], "uv_size": [1, 1]},
								"east": {"uv": [13, 3], "uv_size": [3, 1]},
								"south": {"uv": [10, 17], "uv_size": [1, 1]},
								"west": {"uv": [6, 13], "uv_size": [3, 1]},
								"up": {"uv": [9, 13], "uv_size": [1, 3]},
								"down": {"uv": [12, 16], "uv_size": [1, -3]}
							}
						},
						{
							"origin": [-6.5635, 12.33139, 3.76293],
							"size": [1.2265, 1.2265, 2.8825],
							"inflate": -0.40625,
							"pivot": [-5.95025, 13.77264, 5.20418],
							"rotation": [45, 0, 0],
							"uv": {
								"north": {"uv": [11, 17], "uv_size": [1, 1]},
								"east": {"uv": [13, 13], "uv_size": [3, 1]},
								"south": {"uv": [17, 11], "uv_size": [1, 1]},
								"west": {"uv": [14, 2], "uv_size": [3, 1]},
								"up": {"uv": [1, 14], "uv_size": [1, 3]},
								"down": {"uv": [6, 17], "uv_size": [1, -3]}
							}
						},
						{
							"origin": [-6.5635, 12.33139, 3.76293],
							"size": [1.2265, 1.2265, 2.8825],
							"inflate": -0.40625,
							"pivot": [-5.95025, 13.77264, 5.20418],
							"rotation": [-45, 0, 0],
							"uv": {
								"north": {"uv": [17, 12], "uv_size": [1, 1]},
								"east": {"uv": [14, 7], "uv_size": [3, 1]},
								"south": {"uv": [17, 14], "uv_size": [1, 1]},
								"west": {"uv": [14, 8], "uv_size": [3, 1]},
								"up": {"uv": [7, 14], "uv_size": [1, 3]},
								"down": {"uv": [8, 17], "uv_size": [1, -3]}
							}
						},
						{
							"origin": [-6.5635, 13.98739, 3.76293],
							"size": [1.2265, 1.2265, 2.8825],
							"inflate": -0.40625,
							"pivot": [-5.95025, 13.77264, 5.20418],
							"rotation": [-45, 0, 0],
							"uv": {
								"north": {"uv": [15, 17], "uv_size": [1, 1]},
								"east": {"uv": [14, 9], "uv_size": [3, 1]},
								"south": {"uv": [17, 15], "uv_size": [1, 1]},
								"west": {"uv": [14, 11], "uv_size": [3, 1]},
								"up": {"uv": [10, 14], "uv_size": [1, 3]},
								"down": {"uv": [11, 17], "uv_size": [1, -3]}
							}
						},
						{
							"origin": [-6.4375, 13.28125, 3.3125],
							"size": [1, 1, 0.34375],
							"uv": {
								"north": {"uv": [16, 17], "uv_size": [1, 1]},
								"east": {"uv": [17, 16], "uv_size": [1, 1]},
								"south": {"uv": [17, 17], "uv_size": [1, 1]},
								"west": {"uv": [0, 18], "uv_size": [1, 1]},
								"up": {"uv": [18, 0], "uv_size": [1, 1]},
								"down": {"uv": [18, 2], "uv_size": [1, -1]}
							}
						},
						{
							"origin": [-6.4375, 13.28125, 3.53125],
							"size": [1, 1, 0.375],
							"inflate": -0.09375,
							"uv": {
								"north": {"uv": [2, 18], "uv_size": [1, 1]},
								"east": {"uv": [3, 18], "uv_size": [1, 1]},
								"south": {"uv": [18, 3], "uv_size": [1, 1]},
								"west": {"uv": [5, 18], "uv_size": [1, 1]},
								"up": {"uv": [18, 5], "uv_size": [1, 1]},
								"down": {"uv": [6, 19], "uv_size": [1, -1]}
							}
						},
						{
							"origin": [-6.4375, 13.28125, 3.59375],
							"size": [1, 1, 0.5],
							"inflate": -0.15625,
							"uv": {
								"north": {"uv": [18, 6], "uv_size": [1, 1]},
								"east": {"uv": [18, 7], "uv_size": [1, 1]},
								"south": {"uv": [8, 18], "uv_size": [1, 1]},
								"west": {"uv": [18, 8], "uv_size": [1, 1]},
								"up": {"uv": [9, 18], "uv_size": [1, 1]},
								"down": {"uv": [18, 10], "uv_size": [1, -1]}
							}
						},
						{
							"origin": [-6.4375, 13.28125, -3.46875],
							"size": [1, 1, 0.34375],
							"uv": {
								"north": {"uv": [10, 18], "uv_size": [1, 1]},
								"east": {"uv": [18, 10], "uv_size": [1, 1]},
								"south": {"uv": [11, 18], "uv_size": [1, 1]},
								"west": {"uv": [18, 11], "uv_size": [1, 1]},
								"up": {"uv": [12, 18], "uv_size": [1, 1]},
								"down": {"uv": [18, 13], "uv_size": [1, -1]}
							}
						},
						{
							"origin": [-6.4375, 13.28125, -3.71875],
							"size": [1, 1, 0.375],
							"inflate": -0.09375,
							"uv": {
								"north": {"uv": [13, 18], "uv_size": [1, 1]},
								"east": {"uv": [18, 13], "uv_size": [1, 1]},
								"south": {"uv": [14, 18], "uv_size": [1, 1]},
								"west": {"uv": [18, 14], "uv_size": [1, 1]},
								"up": {"uv": [15, 18], "uv_size": [1, 1]},
								"down": {"uv": [18, 16], "uv_size": [1, -1]}
							}
						},
						{
							"origin": [-6.4375, 13.28125, -3.90625],
							"size": [1, 1, 0.5],
							"inflate": -0.15625,
							"uv": {
								"north": {"uv": [16, 18], "uv_size": [1, 1]},
								"east": {"uv": [18, 16], "uv_size": [1, 1]},
								"south": {"uv": [17, 18], "uv_size": [1, 1]},
								"west": {"uv": [18, 17], "uv_size": [1, 1]},
								"up": {"uv": [18, 18], "uv_size": [1, 1]},
								"down": {"uv": [0, 20], "uv_size": [1, -1]}
							}
						}
					]
				},
				{
					"name": "blade",
					"parent": "rightArm",
					"pivot": [-5.49479, 13.4375, -25.30208],
					"rotation": [-90, -90, 0],
					"cubes": [
						{
							"origin": [12.835, 13.495, -29.13],
							"size": [0.57, 0.76, 0.57],
							"uv": {
								"north": {"uv": [19, 0], "uv_size": [1, 1]},
								"east": {"uv": [1, 19], "uv_size": [1, 1]},
								"south": {"uv": [19, 1], "uv_size": [1, 1]},
								"west": {"uv": [2, 19], "uv_size": [1, 1]},
								"up": {"uv": [19, 2], "uv_size": [1, 1]},
								"down": {"uv": [3, 20], "uv_size": [1, -1]}
							}
						},
						{
							"origin": [13.405, 13.495, -28.94],
							"size": [0.57, 0.76, 6.65],
							"uv": {
								"north": {"uv": [19, 3], "uv_size": [1, 1]},
								"east": {"uv": [0, 0], "uv_size": [7, 1]},
								"south": {"uv": [4, 19], "uv_size": [1, 1]},
								"west": {"uv": [0, 1], "uv_size": [7, 1]},
								"up": {"uv": [0, 2], "uv_size": [1, 7]},
								"down": {"uv": [1, 9], "uv_size": [1, -7]}
							}
						},
						{
							"origin": [13.975, 13.495, -28.75],
							"size": [0.38, 0.76, 6.27],
							"uv": {
								"north": {"uv": [19, 4], "uv_size": [1, 1]},
								"east": {"uv": [4, 4], "uv_size": [6, 1]},
								"south": {"uv": [5, 19], "uv_size": [1, 1]},
								"west": {"uv": [4, 5], "uv_size": [6, 1]},
								"up": {"uv": [4, 6], "uv_size": [1, 6]},
								"down": {"uv": [5, 12], "uv_size": [1, -6]}
							}
						},
						{
							"origin": [14.355, 13.495, -28.56],
							"size": [0.19, 0.76, 5.89],
							"uv": {
								"north": {"uv": [19, 5], "uv_size": [1, 1]},
								"east": {"uv": [6, 6], "uv_size": [6, 1]},
								"south": {"uv": [6, 19], "uv_size": [1, 1]},
								"west": {"uv": [7, 0], "uv_size": [6, 1]},
								"up": {"uv": [6, 7], "uv_size": [1, 6]},
								"down": {"uv": [7, 13], "uv_size": [1, -6]}
							}
						},
						{
							"origin": [13.025, 13.495, -28.56],
							"size": [0.38, 0.76, 0.38],
							"uv": {
								"north": {"uv": [19, 6], "uv_size": [1, 1]},
								"east": {"uv": [7, 19], "uv_size": [1, 1]},
								"south": {"uv": [19, 7], "uv_size": [1, 1]},
								"west": {"uv": [8, 19], "uv_size": [1, 1]},
								"up": {"uv": [19, 8], "uv_size": [1, 1]},
								"down": {"uv": [9, 20], "uv_size": [1, -1]}
							}
						},
						{
							"origin": [14.545, 13.495, -28.37],
							"size": [0.38, 0.76, 5.51],
							"uv": {
								"north": {"uv": [19, 9], "uv_size": [1, 1]},
								"east": {"uv": [7, 1], "uv_size": [6, 1]},
								"south": {"uv": [10, 19], "uv_size": [1, 1]},
								"west": {"uv": [8, 2], "uv_size": [6, 1]},
								"up": {"uv": [8, 7], "uv_size": [1, 6]},
								"down": {"uv": [0, 15], "uv_size": [1, -6]}
							}
						},
						{
							"origin": [14.925, 13.495, -28.18],
							"size": [0.19, 0.76, 5.13],
							"uv": {
								"north": {"uv": [19, 10], "uv_size": [1, 1]},
								"east": {"uv": [8, 3], "uv_size": [5, 1]},
								"south": {"uv": [11, 19], "uv_size": [1, 1]},
								"west": {"uv": [9, 7], "uv_size": [5, 1]},
								"up": {"uv": [1, 9], "uv_size": [1, 5]},
								"down": {"uv": [9, 13], "uv_size": [1, -5]}
							}
						},
						{
							"origin": [13.215, 13.495, -28.18],
							"size": [0.19, 0.76, 0.76],
							"uv": {
								"north": {"uv": [19, 11], "uv_size": [1, 1]},
								"east": {"uv": [12, 19], "uv_size": [1, 1]},
								"south": {"uv": [19, 12], "uv_size": [1, 1]},
								"west": {"uv": [13, 19], "uv_size": [1, 1]},
								"up": {"uv": [19, 13], "uv_size": [1, 1]},
								"down": {"uv": [14, 20], "uv_size": [1, -1]}
							}
						},
						{
							"origin": [15.115, 13.495, -27.99],
							"size": [0.19, 0.76, 4.75],
							"uv": {
								"north": {"uv": [19, 14], "uv_size": [1, 1]},
								"east": {"uv": [10, 4], "uv_size": [5, 1]},
								"south": {"uv": [15, 19], "uv_size": [1, 1]},
								"west": {"uv": [10, 5], "uv_size": [5, 1]},
								"up": {"uv": [2, 10], "uv_size": [1, 5]},
								"down": {"uv": [3, 15], "uv_size": [1, -5]}
							}
						},
						{
							"origin": [15.305, 13.495, -27.61],
							"size": [0.19, 0.76, 3.99],
							"uv": {
								"north": {"uv": [19, 15], "uv_size": [1, 1]},
								"east": {"uv": [10, 8], "uv_size": [4, 1]},
								"south": {"uv": [16, 19], "uv_size": [1, 1]},
								"west": {"uv": [10, 9], "uv_size": [4, 1]},
								"up": {"uv": [10, 10], "uv_size": [1, 4]},
								"down": {"uv": [11, 14], "uv_size": [1, -4]}
							}
						},
						{
							"origin": [15.495, 13.495, -27.42],
							"size": [0.19, 0.76, 3.61],
							"uv": {
								"north": {"uv": [19, 16], "uv_size": [1, 1]},
								"east": {"uv": [12, 6], "uv_size": [4, 1]},
								"south": {"uv": [17, 19], "uv_size": [1, 1]},
								"west": {"uv": [12, 10], "uv_size": [4, 1]},
								"up": {"uv": [4, 12], "uv_size": [1, 4]},
								"down": {"uv": [5, 16], "uv_size": [1, -4]}
							}
						},
						{
							"origin": [15.685, 13.495, -27.04],
							"size": [0.19, 0.76, 2.85],
							"uv": {
								"north": {"uv": [19, 17], "uv_size": [1, 1]},
								"east": {"uv": [14, 12], "uv_size": [3, 1]},
								"south": {"uv": [18, 19], "uv_size": [1, 1]},
								"west": {"uv": [13, 14], "uv_size": [3, 1]},
								"up": {"uv": [0, 15], "uv_size": [1, 3]},
								"down": {"uv": [2, 18], "uv_size": [1, -3]}
							}
						},
						{
							"origin": [12.455, 13.495, -27.04],
							"size": [0.95, 0.76, 2.85],
							"uv": {
								"north": {"uv": [19, 18], "uv_size": [1, 1]},
								"east": {"uv": [15, 0], "uv_size": [3, 1]},
								"south": {"uv": [19, 19], "uv_size": [1, 1]},
								"west": {"uv": [15, 1], "uv_size": [3, 1]},
								"up": {"uv": [3, 15], "uv_size": [1, 3]},
								"down": {"uv": [13, 18], "uv_size": [1, -3]}
							}
						},
						{
							"origin": [10.745, 13.495, -26.85],
							"size": [1.71, 0.76, 2.47],
							"uv": {
								"north": {"uv": [15, 4], "uv_size": [2, 1]},
								"east": {"uv": [15, 5], "uv_size": [2, 1]},
								"south": {"uv": [14, 15], "uv_size": [2, 1]},
								"west": {"uv": [16, 3], "uv_size": [2, 1]},
								"up": {"uv": [12, 11], "uv_size": [2, 2]},
								"down": {"uv": [13, 2], "uv_size": [2, -2]}
							}
						},
						{
							"origin": [9.605, 13.495, -26.66],
							"size": [1.14, 0.76, 2.09],
							"uv": {
								"north": {"uv": [0, 20], "uv_size": [1, 1]},
								"east": {"uv": [4, 16], "uv_size": [2, 1]},
								"south": {"uv": [20, 0], "uv_size": [1, 1]},
								"west": {"uv": [16, 6], "uv_size": [2, 1]},
								"up": {"uv": [9, 16], "uv_size": [1, 2]},
								"down": {"uv": [12, 18], "uv_size": [1, -2]}
							}
						},
						{
							"origin": [15.875, 13.495, -26.47],
							"size": [0.19, 0.76, 1.71],
							"uv": {
								"north": {"uv": [1, 20], "uv_size": [1, 1]},
								"east": {"uv": [16, 10], "uv_size": [2, 1]},
								"south": {"uv": [20, 1], "uv_size": [1, 1]},
								"west": {"uv": [16, 13], "uv_size": [2, 1]},
								"up": {"uv": [14, 16], "uv_size": [1, 2]},
								"down": {"uv": [16, 16], "uv_size": [1, -2]}
							}
						},
						{
							"origin": [8.655, 13.495, -26.47],
							"size": [0.95, 0.76, 1.71],
							"uv": {
								"north": {"uv": [2, 20], "uv_size": [1, 1]},
								"east": {"uv": [15, 16], "uv_size": [2, 1]},
								"south": {"uv": [20, 2], "uv_size": [1, 1]},
								"west": {"uv": [17, 2], "uv_size": [2, 1]},
								"up": {"uv": [1, 17], "uv_size": [1, 2]},
								"down": {"uv": [4, 19], "uv_size": [1, -2]}
							}
						},
						{
							"origin": [7.515, 13.495, -26.28],
							"size": [1.14, 0.76, 1.33],
							"uv": {
								"north": {"uv": [3, 20], "uv_size": [1, 1]},
								"east": {"uv": [20, 3], "uv_size": [1, 1]},
								"south": {"uv": [4, 20], "uv_size": [1, 1]},
								"west": {"uv": [20, 4], "uv_size": [1, 1]},
								"up": {"uv": [5, 20], "uv_size": [1, 1]},
								"down": {"uv": [20, 6], "uv_size": [1, -1]}
							}
						},
						{
							"origin": [6.185, 13.495, -26.09],
							"size": [1.33, 0.76, 0.95],
							"uv": {
								"north": {"uv": [6, 20], "uv_size": [1, 1]},
								"east": {"uv": [20, 6], "uv_size": [1, 1]},
								"south": {"uv": [7, 20], "uv_size": [1, 1]},
								"west": {"uv": [20, 7], "uv_size": [1, 1]},
								"up": {"uv": [8, 20], "uv_size": [1, 1]},
								"down": {"uv": [20, 9], "uv_size": [1, -1]}
							}
						},
						{
							"origin": [4.855, 13.495, -25.9],
							"size": [1.33, 0.76, 0.57],
							"uv": {
								"north": {"uv": [9, 20], "uv_size": [1, 1]},
								"east": {"uv": [20, 9], "uv_size": [1, 1]},
								"south": {"uv": [10, 20], "uv_size": [1, 1]},
								"west": {"uv": [20, 10], "uv_size": [1, 1]},
								"up": {"uv": [11, 20], "uv_size": [1, 1]},
								"down": {"uv": [20, 12], "uv_size": [1, -1]}
							}
						},
						{
							"origin": [4.285, 13.495, -25.71],
							"size": [0.57, 0.76, 0.19],
							"uv": {
								"north": {"uv": [12, 20], "uv_size": [1, 1]},
								"east": {"uv": [20, 12], "uv_size": [1, 1]},
								"south": {"uv": [13, 20], "uv_size": [1, 1]},
								"west": {"uv": [20, 13], "uv_size": [1, 1]},
								"up": {"uv": [14, 20], "uv_size": [1, 1]},
								"down": {"uv": [20, 15], "uv_size": [1, -1]}
							}
						},
						{
							"origin": [13.215, 13.495, -23.81],
							"size": [0.19, 0.76, 1.71],
							"uv": {
								"north": {"uv": [15, 20], "uv_size": [1, 1]},
								"east": {"uv": [17, 4], "uv_size": [2, 1]},
								"south": {"uv": [20, 15], "uv_size": [1, 1]},
								"west": {"uv": [5, 17], "uv_size": [2, 1]},
								"up": {"uv": [7, 17], "uv_size": [1, 2]},
								"down": {"uv": [17, 9], "uv_size": [1, -2]}
							}
						},
						{
							"origin": [13.025, 13.495, -23.05],
							"size": [0.19, 0.76, 0.95],
							"uv": {
								"north": {"uv": [16, 20], "uv_size": [1, 1]},
								"east": {"uv": [20, 16], "uv_size": [1, 1]},
								"south": {"uv": [17, 20], "uv_size": [1, 1]},
								"west": {"uv": [20, 17], "uv_size": [1, 1]},
								"up": {"uv": [18, 20], "uv_size": [1, 1]},
								"down": {"uv": [20, 19], "uv_size": [1, -1]}
							}
						},
						{
							"origin": [12.835, 13.495, -22.67],
							"size": [0.19, 0.76, 0.57],
							"uv": {
								"north": {"uv": [19, 20], "uv_size": [1, 1]},
								"east": {"uv": [20, 19], "uv_size": [1, 1]},
								"south": {"uv": [20, 20], "uv_size": [1, 1]},
								"west": {"uv": [0, 21], "uv_size": [1, 1]},
								"up": {"uv": [21, 0], "uv_size": [1, 1]},
								"down": {"uv": [1, 22], "uv_size": [1, -1]}
							}
						}
					]
				}
			]
		}
	]
}