{
	"format_version": "1.12.0",
	"minecraft:geometry": [
		{
			"description": {
				"identifier": "geometry.chase.white_zestu",
				"texture_width": 91,
				"texture_height": 91,
				"visible_bounds_width": 3,
				"visible_bounds_height": 3.5,
				"visible_bounds_offset": [0, 1.25, 0]
			},
			"bones": [
				{
					"name": "RightArm",
					"pivot": [-4, 23, 1],
					"cubes": [
						{"origin": [-7, 12, -1], "size": [3, 11, 4], "uv": [42, 16]},
						{"origin": [-8, 12, -1], "size": [1, 10, 4], "uv": [11, 51]}
					]
				},
				{
					"name": "LeftArm",
					"pivot": [4, 23, 2],
					"cubes": [
						{"origin": [4, 12, -1], "size": [3, 11, 4], "uv": [38, 0]},
						{"origin": [7, 12, -1], "size": [1, 10, 4], "uv": [0, 48]}
					]
				},
				{
					"name": "LeftLeg",
					"pivot": [-2, 12, 1],
					"cubes": [
						{"origin": [-4, 2, -1], "size": [1, 10, 4], "uv": [43, 47]},
						{"origin": [-3, 0, -1], "size": [3, 12, 4], "uv": [32, 34]}
					]
				},
				{
					"name": "RightLeg",
					"pivot": [3, 12, 0],
					"cubes": [
						{"origin": [0, 0, -1], "size": [3, 12, 4], "uv": [17, 34]},
						{"origin": [3, 2, -1], "size": [1, 10, 4], "uv": [47, 32]}
					]
				},
				{
					"name": "body",
					"pivot": [-0.5, 16, 0],
					"cubes": [
						{"origin": [-4, 12, -1], "size": [8, 11, 4], "uv": [0, 17]}
					]
				},
				{
					"name": "head",
					"pivot": [0, 23, 1],
					"cubes": [
						{"origin": [3, 23, -2], "size": [1, 7, 7], "uv": [25, 19]},
						{"origin": [-3, 23, -3], "size": [6, 8, 8], "uv": [0, 0]},
						{"origin": [-4, 23, -2], "size": [1, 7, 7], "uv": [0, 33]},
						{"origin": [-1, 31, -3], "size": [4, 1, 8], "uv": [21, 9]},
						{"origin": [3, 30, -3], "size": [1, 2, 4], "uv": [21, 0]}
					]
				}
			]
		}
	]
}